customer_id,first_name,last_name,email,address,phone
1,Sean,Carter,todd16@example.net,"1490 Dorothy Well, West Jimmy, PA 88812",7099239866
2,Isabel,Garcia,johnsonmatthew@example.com,"92906 Williams Circle, Brettchester, CA 33593",001-588-813-8396x7205
3,Karen,Shelton,kennethmartinez@example.com,"24073 Daniel Road Apt. 648, Cristianfort, AZ 29651",(890)486-7119x975
4,Jesus,Sloan,henry59@example.net,"2670 Russell Tunnel Suite 556, Timothymouth, MO 11655",(870)379-5324
5,Kari,Mckinney,lindajohnson@example.com,"089 Oscar Road Apt. 455, East Christopher, VA 86995",+1-402-875-6386x6998
6,Joseph,Wade,nhill@example.org,"156 Anthony Coves Suite 377, Hansonchester, OR 81506",874.419.9345x91147
7,Julia,Obrien,hjohnson@example.net,"02797 Misty Cliff, Carrollshire, MI 37919",619-455-5751x5582
8,William,Mckenzie,luisroach@example.net,"5664 Victor Views Suite 286, West Tylerville, DC 33717",6432560716
9,Thomas,Cunningham,boylejames@example.org,"0761 Jones Avenue, South Ginaville, RI 26998",001-627-865-6179x181
10,Darin,Clark,klee@example.com,"203 Henderson Tunnel Suite 252, West Johnchester, MP 81515",+1-959-582-6455
11,Amy,Ray,chelsea89@example.com,"9035 Eric Flats, North Michaelhaven, MH 06404",777.599.2655x1432
12,Daryl,Fields,jasonchan@example.net,"97690 Riley Springs Suite 137, Lake Sara, WV 21244",(790)208-0895x42883
13,Cheryl,Martinez,brett64@example.com,"39853 Parks Drive Suite 726, Thomastown, IN 85494",001-767-594-0255x054
14,Rachel,Fischer,bbarton@example.com,"51234 Johnson Flats, New James, CT 29508",659-995-2231x93933
15,Henry,Potter,kevin35@example.com,"6774 Wade Estate Apt. 929, North Ronald, MI 54418",(575)800-6398
16,Nicole,Schneider,frank27@example.net,"Unit 7877 Box 2007, DPO AP 10268",+1-304-464-4288
17,Courtney,Whitaker,rachel80@example.net,"4582 Rosales Fork Suite 710, Smithmouth, FL 75479",001-594-807-3712
18,Emily,Bell,bernardkenneth@example.net,"605 Ellis Springs, Davidberg, AL 18039",+1-906-691-1372x831
19,Manuel,Kennedy,kcraig@example.net,"USNS Hill, FPO AP 47708",312-959-6566x661
20,Samuel,Cole,mgreen@example.com,"32454 Stephen Shore Suite 827, Marcland, NC 13633",678.816.2704x31825
21,John,Sims,lisafrey@example.com,"Unit 4579 Box 8036, DPO AP 33562",(624)998-0850
22,Joseph,Hall,jennifer05@example.com,"70242 Lawson Passage, New Andrewhaven, RI 50360",5043643979
23,Kurt,Marshall,dawsonlance@example.org,"7690 Peters Landing Suite 417, Lake Kayla, NE 79182",396-807-7709x40097
24,Theresa,Smith,whiteashley@example.org,"PSC 9059, Box 0284, APO AA 73786",+1-466-795-9700x5009
25,Deanna,Cooper,johnmorgan@example.org,"5561 Garcia Cliff Suite 040, South Jill, WY 34531",933-229-0428x19378
26,Richard,Scott,zsummers@example.org,"01564 Christopher Extensions Apt. 318, Deborahmouth, IN 82268",001-357-291-2385
27,Monica,Brown,jonathanhardy@example.com,"PSC 7682, Box 6519, APO AA 74844",740.593.5908x815
28,Sheila,Forbes,andrewstein@example.net,"5874 Maria Hill, Lake Mistymouth, AS 15517",307.540.9347x41204
29,Carla,Weber,trevorlane@example.org,"064 Smith Trafficway, Evanville, DC 33469",612.561.5161x1995
30,Charles,Green,robinsonmark@example.org,"7704 Phyllis Haven Apt. 646, New Lisaburgh, SD 57308",8217794725
